<?xml version="1.0" encoding="UTF-8"?>

<mule xmlns:ecle="http://www.mulesoft.org/schema/mule/ecle" xmlns:mulexml="http://www.mulesoft.org/schema/mule/xml"
	xmlns:http="http://www.mulesoft.org/schema/mule/http" xmlns:context="http://www.springframework.org/schema/context" xmlns="http://www.mulesoft.org/schema/mule/core" xmlns:doc="http://www.mulesoft.org/schema/mule/documentation"
	xmlns:spring="http://www.springframework.org/schema/beans" 
	xmlns:xsi="http://www.w3.org/2001/XMLSchema-instance"
	xsi:schemaLocation="http://www.mulesoft.org/schema/mule/xml http://www.mulesoft.org/schema/mule/xml/current/mule-xml.xsd
http://www.springframework.org/schema/beans http://www.springframework.org/schema/beans/spring-beans-current.xsd
http://www.mulesoft.org/schema/mule/core http://www.mulesoft.org/schema/mule/core/current/mule.xsd
http://www.mulesoft.org/schema/mule/http http://www.mulesoft.org/schema/mule/http/current/mule-http.xsd
http://www.springframework.org/schema/context http://www.springframework.org/schema/context/spring-context-current.xsd
http://www.mulesoft.org/schema/mule/ecle http://www.mulesoft.org/schema/mule/ecle/current/mule-ecle.xsd">
    <http:listener-config name="HTTP_Listener_Configuration" host="0.0.0.0" port="${http.port}" basePath="/api/v1" doc:name="HTTP Listener Configuration"/>
    <context:property-placeholder location="env_PreProd.properties"/>
    <http:request-config name="HTTP_Request_Configuration" host="164.100.132.26" port="80" basePath="/MeesevaRestService/Service1.svc" doc:name="HTTP Request Configuration"/>
    <ecle:config name="eCLE__Configuration" Hostname="${jms.host}" Port="${jms.port}" Username="${jms.user}" Password="${jms.password}" doc:name="eCLE: Configuration"/>
    
    <flow name="s-localcandidate-serviceFlow">
        <http:listener config-ref="HTTP_Listener_Configuration" path="/localcandidatecert" allowedMethods="GET" doc:name="HTTP"/>
        <expression-component doc:name="Expression"><![CDATA[#[flowVars.RootID = server.dateTime.format("yyMMddhhmmssSSSS");
flowVars.errorDateTime=server.dateTime.format("yyyy-MM-dd HH:mm:ss.SSSS");
flowVars.Client_ID="Mule";
flowVars.User_ID="MulePreProd";
flowVars.FlowName="s-localcandidate-serviceFlow";]]]></expression-component>
        <set-variable variableName="ApplicationNo" value="#[message.inboundProperties.'http.query.params'.ApplicationNo]" doc:name="ApplicationNo"/>
        <set-variable variableName="Userid" value="${service.userid}" doc:name="Userid"/>
        <async doc:name="Async">
            <ecle:logger config-ref="eCLE__Configuration"  ArcheivePayload="True"     Key="Application Number" Value="#[message.inboundProperties.'http.query.params'.ApplicationNo]" LogType="Audit" LogMessageType="STARTED" LogMessage="Request recieved to access the local candidate service for Application Number : #[message.inboundProperties.'http.query.params'.ApplicationNo]" doc:name="eCLE"/>
        </async>
        <set-variable variableName="Password" value="${service.password}" mimeType="application/java" doc:name="Password"/>
        <set-payload value="#[['UserId':flowVars.Userid,'Password':flowVars.Password,'ApplicationNo':flowVars.ApplicationNo]]" doc:name="Set Payload"/>
        <set-property propertyName="Content-Type" value="application/x-www-form-urlencoded" encoding="US-ASCII" mimeType="text/plain" doc:name="Property"/>
        <async doc:name="Async">
            <ecle:logger config-ref="eCLE__Configuration"  ArcheivePayload="True"     Key="Application Number" Value="#[flowVars.ApplicationNo]" LogType="Audit" LogMessageType="INPROCESS" LogMessage="Before calling the meeseva service for Localcandidate certificate"  doc:name="eCLE" Currentpayload="#[new String(payload)]"/>
        </async>
        <http:request config-ref="HTTP_Request_Configuration" path="/GetCertifiateInfo" method="POST" doc:name="HTTP"/>
        <byte-array-to-string-transformer doc:name="Byte Array to String"/>
        <async doc:name="Async">
            <ecle:logger config-ref="eCLE__Configuration"  ArcheivePayload="True"     Key="Application Number" Value="#[flowVars.ApplicationNo]" LogType="Audit" LogMessageType="COMPLETED" LogMessage="Successfully invoked the meeseva service for local candidate certificate"  doc:name="eCLE" Currentpayload="#[new String(payload)]"/>
        </async>
        <set-payload value="#[payload.substring(payload.indexOf('{'),payload.lastIndexOf('&gt;')-8).replaceAll('&amp;#xD;',&quot;&quot;)]" mimeType="application/json" doc:name="Set Payload"/>
        <choice-exception-strategy doc:name="Choice Exception Strategy">
            <catch-exception-strategy when="#[exception.causedBy(java.net.ConnectException)]" doc:name="Connect Exception Strategy">
                <logger message="Connect Exception: #[exception.message]." level="ERROR" doc:name="Logger"/>
                <set-variable variableName="ExceptionMessage" value="#[exception.message]" doc:name="ExceptionMessage"/>
                <ecle:error config-ref="eCLE__Configuration" flowName="#[flowVars.FlowName]" Key="Application Number" Value="#[flowVars.ApplicationNo]"     LogType="Audit" LogMessageType="ERRORED" LogMessage="Failed to connect to meeseva service to get local candidate for Application Number : #[flowVars.ApplicationNo]" ArcheivePayload="True"  doc:name="eCLE" Currentpayload="#[new String(payload)]"/>
                <set-payload value="{  &quot;httpstatus&quot;:&quot;404&quot;,  &quot;errorcode&quot;:&quot;ER-101&quot;,  &quot;errorMessage&quot;:&quot;The requested resource could not be found, please try again&quot;,  &quot;exceptionMessage&quot;: #[flowVars.ExceptionMessage] }" doc:name="Set Payload"/>
            </catch-exception-strategy>
            <catch-exception-strategy when="#[exception.causedBy(java.lang.Exception)]" doc:name="IO Exception Strategy">
                <logger message="IO Exception: #[exception.message]." level="ERROR" doc:name="Logger"/>
                <set-variable variableName="ExceptionMessage" value="#[exception.message]" doc:name="ExceptionMessage"/>
                <ecle:error config-ref="eCLE__Configuration" flowName="#[flowVars.FlowName]" Key="Application Number" Value="#[flowVars.ApplicationNo]"     LogType="Audit" LogMessageType="ERRORED" LogMessage="Failed to connect to meeseva service to get local candidate for Application Number : #[flowVars.ApplicationNo]" ArcheivePayload="True"  doc:name="eCLE" Currentpayload="#[new String(payload)]"/>
                <set-payload value="{  &quot;httpstatus&quot;:&quot;500&quot;,  &quot;errorcode&quot;:&quot;ER-101&quot;,  &quot;errorMessage&quot;:&quot;Internal Error, Service is not available&quot;,  &quot;exceptionMessage&quot;: #[flowVars.ExceptionMessage] }" doc:name="Set Payload"/>
            </catch-exception-strategy>
            <catch-exception-strategy doc:name="Catch Exception Strategy">
                <logger message="Connect Exception: #[exception.message]." level="ERROR" doc:name="Logger"/>
                <set-variable variableName="ExceptionMessage" value="#[exception.message]" doc:name="ExceptionMessage"/>
                <ecle:error config-ref="eCLE__Configuration" flowName="#[flowVars.FlowName]" Key="Application Number" Value="#[flowVars.ApplicationNo]"     LogType="Audit" LogMessageType="ERRORED" LogMessage="Failed to connect to meeseva service to get local candidate for Application Number : #[flowVars.ApplicationNo]" ArcheivePayload="True"  doc:name="eCLE" Currentpayload="#[new String(payload)]"/>
                <set-payload value="{  &quot;httpstatus&quot;:&quot;400&quot;,  &quot;errorcode&quot;:&quot;ER-101&quot;,  &quot;errorMessage&quot;:&quot;The requested resource could not be found, please try again&quot;,  &quot;exceptionMessage&quot;: #[flowVars.ExceptionMessage] }" doc:name="Set Payload"/>
            </catch-exception-strategy>
        </choice-exception-strategy>
    </flow>
</mule>
